{
  "fps": 15.1,
  "width": 1280,
  "height": 720,
  "depth_min": 0.4,
  "depth_max": 2.5,
  "fx": 518.9544067382812,
  "fy": 518.9544067382812,
  "cx": 643.754150390625,
  "cy": 354.2554931640625,
  "baseline_m": 0.12,
  "tolerance_ns": 200000000
}