{
  "fps": 15.0,
  "width": 1024,
  "height": 576,
  "depth_min": 0.4,
  "depth_max": 2.5,
  "fx": 520.4712524414062,
  "fy": 520.4712524414062,
  "cx": 557.2469482421875,
  "cy": 306.7978515625,
  "baseline_m": 0.12,
  "tolerance_ns": 200000000
}